{"cameraMode":{"drawMode":0,"name":"Shaded","section":"Shading Mode"},"sceneLighting":true,"audioPlay":false,"sceneViewState":{"m_AlwaysRefresh":false,"showFog":true,"showSkybox":true,"showFlares":true,"showImageEffects":true,"showParticleSystems":true,"showVisualEffectGraphs":true,"m_FxEnabled":true},"in2DMode":false,"pivot":{"x":0.03533615544438362,"y":0.17077164351940156,"z":-0.048133451491594318},"rotation":{"x":-0.34156501293182375,"y":0.11435503512620926,"z":-0.041916701942682269,"w":-0.9319289922714233},"size":2.4731409549713136,"orthographic":false}